index,sum_lt_1,sum_lt_combo,cap_gt_combo,cap_combo_delta,combo_lt_75p,combo_est_d5_median,combo_est_d5,combo_est_d5_std,dom_med_d5,dom_est_d5,dom_type,domain_baseline,avg_d2,med_d2,sd_d2,min_d2,max_d2,delta_min_d2,delta_max_d2,avg_d5,med_d5,sd_d5,min_d5,max_d5,delta_min_d5,delta_max_d5,frac_d2,frac_d5,description,act_avg_d2,act_med_d2,act_sd_d2,act_min_d2,act_max_d2,act_delta_min_d2,act_delta_max_d2,rep_avg_d5,rep_med_d5,rep_sd_d5,rep_min_d5,rep_max_d5,rep_delta_min_d5,rep_delta_max_d5,is_activator,is_repressor,baseline_type,prior_type,gene,Unnamed: 0,Pathway,Description,Extended Domain DNA sequence,corr,corr_p,sig
ASCL1,0.2077922077922078,0.03896103896103896,0.961038961038961,0.24437227274317827,0.38961038961038963,0.7958541539486219,0.7379086537267386,0.2114694073130692,-0.6194604437057404,0.729558839755364,Repressor,Short_nuclear_domain;ASCL1_HUMAN;HLH;105;52,-1.837684643740668,-1.6964922644275002,1.083974087953272,-3.7957453229673455,0.3631006723492683,2.099253058539845,4.1588459953166135,-0.7621634550730328,-0.6194604437057404,0.8865041939716943,-2.2197668031305327,0.9779871501133952,1.6003063594247924,3.197753953243928,0.0555555555555555,0.9130434782608696,Repressor,0.3631006723492683,0.3631006723492683,,0.3631006723492683,0.3631006723492683,0.0,0.0,-1.0422792904843086,-0.832971994094482,0.6690976757396898,-2.2197668031305327,-0.100981629111118,1.386794809036051,2.118785174019415,False,True,Repressor,Repressor,,8.0,Transcription factor -- HLH,NucDom Repr,AGCGGCTTCGGCTACAGCCTGCCCCAGCAGCAGCCCGCCGCCGTGGCTAGAAGAAACGAGAGAGAGAGAAACAGAGTGAAGCTGGTGAACCTGGGCTTCGCCACCCTGAGAGAGCACGTGCCCAACGGCGCCGCCAACAAGAAGATGAGCAAGGTGGAGACCCTGAGAAGCGCCGTGGAGTACATCAGAGCCCTGCAGCAGCTGCTGGACGAGCACGACGCCGTGAGCGCCGCCTTCCAG,0.13880478817782294,0.2286193649135128,Not Significant
ATF1,0.3023255813953488,0.046511627906976744,0.9534883720930233,0.1524011925505909,0.3023255813953488,0.8557776219700732,0.8182264405557408,0.15960499213380255,-0.6085518904096912,0.7273025928546618,Repressor,Short_nuclear_domain;ATF1_HUMAN;bZIP_1;191;59,-2.2016850539341526,-2.267977522756764,1.0343277347796331,-4.133609305289514,-0.5161925419224154,1.8656317825327504,3.617416763367099,-0.4441650595692252,-0.6085518904096912,1.1114229285079802,-2.480622732129234,2.0193608167601917,1.8720708417195429,4.499983548889425,0.0,0.8823529411764706,Repressor,,,,inf,-inf,,-inf,-1.0121228916098357,-0.7316360559860909,0.6459886429078745,-2.480622732129234,-0.3321794696036734,1.7489866761431432,2.1484432625255607,False,True,Repressor,Repressor,,12.0,Transcription factor -- bZIP,NucDom Repr,CAGACCGTGGTGATGACCAGCCCCGTGACCCTGACCAGCCAGACCACCAAGACCGACGACCCCCAGCTGAAGAGAGAGATCAGACTGATGAAGAACAGAGAGGCCGCCAGAGAGTGCAGAAGAAAGAAGAAGGAGTACGTGAAGTGCCTGGAGAACAGAGTGGCCGTGCTGGAGAACCAGAACAAGACCCTGATCGAGGAGCTGAAGACCCTGAAGGACCTGTACAGCAACAAGAGCGTG,0.47060485799425794,0.0014489666171687747,Not Significant
BAZ2A,0.022727272727272728,0.0,1.0,0.1383963237859428,0.10227272727272728,0.901735416008834,0.8615661822187864,0.11177085631109736,-1.7597752112595502,0.8836349402122948,Repressor,Silencer_tiles;ENSG00000076108;118,-1.7865439447488194,-1.7797170996222758,0.3988538211567992,-2.5996767743829627,-0.7570583111539674,0.819959674760687,1.8426184632289957,-1.593588650675401,-1.7597752112595502,0.8969012002618624,-2.585903718138586,2.022123298969919,0.8261285068790358,4.608027017108505,0.0,0.9583333333333334,Repressor,,,,inf,-inf,,-inf,-1.750793518051284,-1.7605439288928575,0.4700169305168962,-2.585903718138586,-0.4194880562468326,0.8253597892457285,2.1664156618917536,False,True,Repressor,Repressor,,82.0,"Bromodomain; K4 deacetylation, pRNA binding",SilTile Repr,GGTCAGGATTCTGAGCAGCCTCAGGCTCAGTTGCAGCCTGAGGCTCAGTTGCATGCTCCTGCTCAGCCTCAGCCTCAGTTGCAGTTGCAGTTGCAGTCTCATAAGGGTTTTTTGGAGCAGGAGGGTTCTCCTTTGTCTTTGGGTCAGTCTCAGCATGATTTGTCTCAGTCTGCTTTTTTGTCTTGGTTGTCTCAGACTCAGTCTCATTCTTCTTTGTTGTCTTCTTCTGTTTTGACTCCT,0.5190762864875257,2.202400527536142e-07,Significant
BIN1,0.4772727272727273,0.22727272727272727,0.7727272727272727,0.06613118549466568,0.3181818181818182,0.8665272246847784,0.7703893314529318,0.21493239550138052,0.951345007589186,0.23902772785926463,Repressor,Short_nuclear_domain;BIN1_HUMAN;SH3_9;513;63,-1.4037376927707292,-1.490556835800807,0.5767531872061831,-2.768718083885082,-0.4057586031089714,1.2781612480842748,2.3629594807761105,0.8028992367330977,0.951345007589186,0.6553935997877233,-0.6454631071932732,1.7318667675101085,1.596808114782459,2.3773298747033818,0.0,0.4583333333333333,Repressor,,,,inf,-inf,,-inf,-0.2390313337796931,-0.1408512286587287,0.2779884211960768,-0.6454631071932732,-0.0289597706080419,0.5046118785345444,0.6165033365852313,False,True,Repressor,Repressor,,19.0,Regulation of Myc activity,NucDom Repr,AGACTGGACCTGCCCCCCGGCTTCATGTTCAAGGTGCAGGCCCAGCACGACTACACCGCCACCGACACCGACGAGCTGCAGCTGAAGGCCGGCGACGTGGTGCTGGTGATCCCCTTCCAGAACCCCGAGGAGCAGGACGAGGGCTGGCTGATGGGCGTGAAGGAGAGCGACTGGAACCAGCACAAGGAGCTGGAGAAGTGCAGAGGCGTGTTCCCCGAGAACTTCACCGAGAGAGTGCCC,0.7588133215280574,1.0848522885565008e-17,Significant
CACO1,0.6470588235294118,0.3176470588235294,0.6823529411764706,0.046824105704972155,0.36470588235294116,0.8384648502944427,0.7192096925667879,0.2601954475912168,1.3401963749168406,0.12420925628616031,Repressor,Short_nuclear_domain;CACO1_HUMAN;Zn-C2H2_12;611;26,-0.7113784004925311,-0.6704816468528596,0.6902285408610661,-1.8468747437099904,0.8411332372244893,1.1763930968571308,2.68800798093448,1.134832391457567,1.3401963749168406,0.8958554776366005,-0.5507071942002473,2.3970129775464235,1.890903569117088,2.9477201717466706,0.1304347826086956,0.2916666666666667,Activator,0.5871187106639627,0.5871187106639627,0.3592307885016774,0.3331041841034361,0.8411332372244893,0.2540145265605266,0.5080290531210532,-0.437540415301019,-0.4320492095675024,0.0947507209808157,-0.5507071942002473,-0.335356047868824,0.1186579846327448,0.2153511463314232,False,True,Repressor,Activator,,35.0,Nuclear receptor coactivator; binds PAS domain,NucDom Act,AGCGGCGGCGAGGAGGCCAACCTGCTGCTGCCCGAGCTGGGCAGCGCTTTCTACGACATGGCCAGCGGCTTCACCGTGGGCACCCTGAGCGAGACCAGCACCGGCGGACCCGCTACCCCCACATGGAAGGAGTGCCCCATCTGCAAGGAGAGATTCCCCGCCGAGAGCGACAAGGACGCCCTGGAGGACCACATGGACGGCCACTTCTTCTTCAGCACCCAGGACCCCTTCACCTTCGAG,0.47829206821396264,3.6633405215735367e-06,Significant
CBX1,0.0,0.0,1.0,0.09405179911833655,0.02631578947368421,0.9252122354652325,0.9059482008816632,0.07995725215243497,-2.6428727016598264,0.9352615573126806,Repressor,Short_nuclear_domain;CBX1_HUMAN;Chromo_shadow;104;52,-2.7238952391314144,-2.7960180097496625,0.6882571801463663,-3.8993502285187858,-1.1527750037848432,1.1033322187691232,2.7465752247339426,-2.58152989601064,-2.6428727016598264,0.9464342132389822,-3.796554274231269,0.5141182967970835,1.1536815725714424,4.310672571028352,0.0,1.0,Repressor,,,,inf,-inf,,-inf,-2.7363123056510257,-2.75052837156566,0.642878591283006,-3.796554274231269,-1.4406537664400425,1.0460259026656091,2.355900507791226,False,True,Repressor,Repressor,,0.0,HP1,NucDom Repr,GAGGAGAGCGAGAAGCCCAGAGGCTTCGCCAGAGGCCTGGAGCCCGAGAGAATCATCGGCGCCACCGACAGCAGCGGCGAGCTGATGTTCCTGATGAAGTGGAAGAACAGCGACGAGGCCGACCTGGTGCCCGCCAAGGAGGCCAACGTGAAGTGCCCCCAGGTGGTGATCAGCTTCTACGAGGAGAGACTGACCTGGCACAGCTACCCCAGCGAGGACGACGACAAGAAGGACGACAAG,-0.03790073332627161,0.7451418882474599,Not Significant
CBX7,0.0,0.0,1.0,0.13056211106615767,0.08333333333333333,0.9035890976755011,0.8694378889338423,0.12947216223452404,-2.4474022186106863,0.9267117768779665,Repressor,Silencer_tiles;ENSG00000100307;18,-1.9380165006117296,-2.028469364250724,0.3690818641934948,-2.607668220898572,-1.2435298723413766,0.5791988566478481,1.3641383485571956,-2.345673823975094,-2.4474022186106863,0.5239292270084714,-3.4629110584590705,-1.0365657782232334,1.0155088398483842,2.426345280235837,0.0,1.0,Repressor,,,,inf,-inf,,-inf,-2.345673823975094,-2.4474022186106863,0.5239292270084714,-3.4629110584590705,-1.0365657782232334,1.0155088398483842,2.426345280235837,False,True,Repressor,Repressor,,92.0,PRC1,SilTile Repr,TTGTTTTTGCAGGAGCCTCCTGCTCCTGATGTTTTGCAGGCTGCTGGTGAGTGGGAGCCTGCTGCTCAGCCTCCTGAGGAGGAGGCTGATGCTGATTTGGCTGAGGGTCCTCCTCCTTGGACTCCTGCTTTGCCTTCTTCTGAGGTTACTGTTACTGATATTACTGCTAATTCTATTACTGTTACTTTTCGTGAGGCTCAGGCTGCTGAGGGTTTTTTTCGTGATCGTTCTGGTAAGTTT,0.22370122425906486,0.040802088741607075,Not Significant
CDYL2,0.0,0.0,1.0,0.06577389924325823,0.0,0.9449727328602898,0.9342261007567417,0.04093415781689035,-3.2941446945594963,0.9561964635979328,Repressor,Short_nuclear_domain;CDYL2_HUMAN;Chromo;1;50,-2.537211221988695,-2.326746295486481,0.79069682694892,-3.818793530262072,-0.558254666892397,1.4920472347755904,3.260538863369675,-2.876315271686152,-3.2941446945594963,1.2234767873495889,-4.160111081468878,0.8310665069186164,0.8659663869093821,4.991177588387495,0.0,0.9444444444444444,Repressor,,,,inf,-inf,,-inf,-3.0943965527805504,-3.3508492913685517,0.8251527288932937,-4.160111081468878,-0.94776837982854,0.8092617901003272,3.2123427016403383,False,True,Repressor,Repressor,,2.0,Chromodomain,NucDom Repr,GCCAGCGGCGACCTGTACGAGGTGGAGAGAATCGTGGACAAGAGAAAGAACAAGAAGGGCAAGTGGGAGTACCTGATCAGATGGAAGGGCTACGGCAGCACCGAGGACACCTGGGAGCCCGAGCACCACCTGCTGCACTGCGAGGAGTTCATCGACGAGTTCAACGGCCTGCACATGAGCAAGGACAAGAGAATCAAGAGCGGCAAGCAGAGCAGCACCAGCAAGCTGCTGAGAGACAGC,-0.0581912338236133,0.6701056401743047,Not Significant
CHD3,0.5416666666666666,0.2222222222222222,0.7777777777777778,0.09886352469693292,0.4305555555555556,0.8400352820145046,0.7049213555792277,0.266929869337299,0.983405392893491,0.22835791272699113,Repressor,Short_nuclear_domain;CHD3_HUMAN;DUF1087;1286;60,-1.430015543672588,-1.3914802867237674,0.6116734779531895,-2.582916638924832,0.154570159571046,1.1914363522010647,2.737486798495878,0.8216168858225038,0.983405392893491,0.7029593933524544,-0.837912902293363,1.8895829275415,1.821318295186854,2.727495829834863,0.05,0.3529411764705882,Repressor,0.154570159571046,0.154570159571046,,0.154570159571046,0.154570159571046,0.0,0.0,-0.640467389606366,-0.640467389606366,0.2792301218716603,-0.837912902293363,-0.4430218769193688,0.197445512686997,0.3948910253739942,False,True,Repressor,Repressor,,20.0,Chromodomain; NuRD complex,NucDom Repr,AAGGTGGCCCAGTACGTGGTGAGAGAGGAGGACAAGATCGAGGAGATCGAGAGAGAGATCATCAAGCAGGAGGAGAACGTGGACCCCGACTACTGGGAGAAGCTGCTGAGACACCACTACGAGCAGCAGCAGGAGGACCTGGCCAGAAACCTGGGCAAGGGCAAGAGAGTGAGAAAGCAGGTGAACTACAACGACGCCGCCCAGGAGGACCAGGACAACCAGAGCGAGTACAGCGTGGGC,0.7023156385724749,6.2111982899742146e-12,Significant
CHD4,0.0,0.0,1.0,0.10104084409030974,0.037037037037037035,0.9171616951205153,0.8989591559096906,0.08805849940224804,-2.307035288946272,0.9197229892798809,Repressor,Silencer_tiles;ENSG00000111642;38,-2.1255350686005565,-2.087448894908562,0.6633027693757009,-3.6120131497869896,-0.7698022984221528,1.5245642548784275,2.842210851364837,-2.1822696525153997,-2.307035288946272,1.0078582036995505,-3.428629490322093,1.262058463638136,1.121594201375821,4.6906879539602295,0.0,0.9583333333333334,Repressor,,,,inf,-inf,,-inf,-2.332023048869901,-2.350632050734341,0.7065827380718375,-3.428629490322093,-0.6485128957808124,1.0779974395877527,2.780116594541281,False,True,Repressor,Repressor,,87.0,Chromodomain; SNF2/RAD54 family; NuRD complex member,SilTile Repr,GAGATTATTTTGTGTGATACTTGTCCTCGTGCTTATCATATGGTTTGTTTGGATCCTGATATGGAGAAGGCTCCTGAGGGTAAGTGGTCTTGTCCTCATTGTGAGAAGGAGGGTATTCAGTGGGAGGCTAAGGAGGATAATTCTGAGGGTGAGGAGATTTTGGAGGAGGTTGGTGGTGATTTGGAGGAGGAGGATGATCATCATATGGAGTTTTGTCGTGTTTGTAAGGATGGTGGTGAG,0.1906681521804133,0.08819037889179239,Not Significant
CREM,0.2033898305084746,0.01694915254237288,0.9830508474576272,0.3276564739398427,0.5084745762711864,0.7455013066755732,0.6517117317714178,0.3190355035466006,-0.59269666544098,0.7239900029624782,Repressor,Short_nuclear_domain;CREM_HUMAN;bZIP_1;265;45,-2.453413987949552,-2.234446119857725,0.9865780396693166,-4.494143109192143,-1.232005667174338,2.259696989334417,3.2621374420178046,-0.494747473011218,-0.59269666544098,1.2227204698299698,-3.341792320834564,2.324774066254476,2.7490956553935835,5.66656638708904,0.0,0.8235294117647058,Repressor,,,,inf,-inf,,-inf,-0.9713928926011616,-0.781131228004672,0.8468494124410213,-3.341792320834564,-0.0832019572469686,2.560661092829892,3.258590363587595,False,True,Repressor,Repressor,,5.0,bZIP transcription factor,NucDom Repr,GTGGTGATGGCCGCCAGCCCCGGCAGCCTGCACAGCCCCCAGCAGCTTGCTGAGGAAGCCACCAGAAAGAGAGAGCTGAGACTGATGAAGAACAGAGAGGCCGCCAAGGAGTGCAGAAGAAGAAAGAAGGAGTACGTGAAGTGCCTGGAGAGCAGAGTGGCCGTGCTGGAGGTGCAGAACAAGAAGCTGATCGAGGAGCTGGAGACCCTGAAGGACATCTGCAGCCCCAAGACCGACTAC,0.42057724102087335,0.0009109828242965109,Significant
CTCF,0.0,0.0,1.0,0.16621829391478277,0.13580246913580246,0.9035799027515055,0.8337817060852176,0.22540307477627974,-2.395042760802053,0.9241939291086505,Repressor,Silencer_tiles;ENSG00000102974;12,-2.167262462415002,-2.120282105010445,0.5489083880245551,-3.287106327251428,-1.4286254630760369,1.166824222240982,1.8584808641753905,-2.1961367036916286,-2.395042760802053,1.0508631179560708,-3.797870179039085,1.8967507763927416,1.4028274182370315,5.694620955431827,0.0,0.9583333333333334,Repressor,,,,inf,-inf,,-inf,-2.3740883332605143,-2.42409265423022,0.5999674919335091,-3.797870179039085,-0.9648403877932132,1.3737775248088648,2.833029791245872,False,True,Repressor,Repressor,,75.0,3D genome structure,SilTile Repr,CCTGTTACTGTTCCTGTTGCTACTACTTCTGTTGAGGAGTTGCAGGGTGCTTATGAGAATGAGGTTTCTAAGGAGGGTTTGGCTGAGTCTGAGCCTATGATTTGTCATACTTTGCCTTTGCCTGAGGGTTTTCAGGTTGTTAAGGTTGGTGCTAATGGTGAGGTTGAGACTTTGGAGCAGGGTGAGTTGCCTCCTCAGGAGGATCCTTCTTGGCAGAAGGATCCTGATTATCAGCCTCCT,0.19816542051943048,0.07616237662993777,Not Significant
FOXO3,0.2962962962962963,0.12345679012345678,0.8765432098765432,0.1721395717922227,0.35802469135802467,0.8148499040828836,0.7628551057747868,0.18824475943700616,0.1147454253700622,0.5338831894048379,Dual,Short_nuclear_domain;FOXO3_HUMAN;FOXO-TAD;584;41,2.9646070247708822,3.143020683825048,0.9810419987473834,-0.5036073149870511,4.510068864331894,3.646627998812099,5.013676179318945,0.0108835549229399,0.1147454253700622,0.7053864938890135,-1.5510540731325329,1.5463478695555015,1.665799498502595,3.0974019426880344,0.9583333333333334,0.875,Activator,3.1153989525864447,3.151792775943444,0.6600519553645264,1.8771432529666183,4.510068864331894,1.2746495229768258,2.632925611365275,-0.5792190483574803,-0.4416718847666821,0.5014237210982582,-1.5510540731325329,-0.0792678383138011,1.1093821883658508,1.4717862348187318,True,True,Dual,Activator,,23.0,Forkhead box TAD,NucDom Act,GACAGCCTGAGCGGCAGCAGCCTGTACAGCACCAGCGCCAACCTGCCCGTGATGGGCCACGAGAAGTTCCCCAGCGACCTGGACCTGGACATGTTCAACGGCAGCCTGGAGTGCGACATGGAGAGCATCATCAGAAGCGAGCTGATGGACGCCGACGGCCTGGACTTCAACTTCGACAGCCTGATCAGCACCCAGAACGTGGTGGGCCTGAACGTGGGCAACTTCACCGGCGCCAAGCAG,0.5720314877937391,2.42607459764492e-08,Significant
GSX1,0.42424242424242425,0.045454545454545456,0.9545454545454546,0.43015915354582335,0.7575757575757576,0.3779528037921079,0.42265649204341926,0.32687040402432144,0.7846761969604958,0.29681231150793064,Repressor,Short_nuclear_domain;GSX1_HUMAN;Homeodomain;136;56,-1.8698299091373105,-1.6952813499820905,1.0858209699254018,-3.348323586370549,0.162140034590892,1.6530422363884587,3.510463620961441,0.8614173100349153,0.7846761969604958,0.6241612141945957,-0.1248033294007804,2.094211679039252,0.9094795263612764,2.2190150084400324,0.0625,0.5,Repressor,0.162140034590892,0.162140034590892,,0.162140034590892,0.162140034590892,0.0,0.0,-0.0650657956406723,-0.0650657956406723,0.0844816304262655,-0.1248033294007804,-0.0053282618805642,0.0597375337601081,0.1194750675202162,False,True,Repressor,Repressor,,15.0,Transcription factor,NucDom Repr,GTGGACAGCAGCAGCAACCAGCTGCCCAGCAGCAAGAGAATGAGAACCGCCTTCACCAGCACCCAGCTGCTGGAGCTGGAGAGAGAGTTCGCCAGCAACATGTACCTGAGCAGACTGAGAAGAATCGAGATCGCCACCTACCTGAACCTGAGCGAGAAGCAGGTGAAGATCTGGTTCCAGAACAGAAGAGTGAAGCACAAGAAGGAGGGCAAGGGCAGCAACCACAGAGGCGGCGGCGGC,0.41930224962133966,0.0004577731358030023,Significant
HERC2,0.0,0.0,1.0,0.11789243649695202,0.10112359550561797,0.9314232915585697,0.8821075635030476,0.16617804035870873,-3.047012817695874,0.9493998107343531,Repressor,Short_nuclear_domain;HERC2_HUMAN;Cyt-b5;1207;72,-2.110132922323101,-2.1801853248208904,0.5685909123015679,-3.178836533424955,-1.010723782524637,0.9986512086040644,2.1681127509003177,-2.9639225077680558,-3.047012817695874,0.7261297358754482,-3.822848786094702,-1.6793066465243012,0.7758359683988276,2.1435421395704006,0.0,1.0,Repressor,,,,inf,-inf,,-inf,-2.9639225077680558,-3.047012817695874,0.7261297358754482,-3.822848786094702,-1.6793066465243012,0.7758359683988276,2.1435421395704006,False,True,Repressor,Repressor,,11.0,Ubiquitin ligase; repressor,NucDom Repr,ACCCTGATCAGAAAGGCCGACCTGGAGAACCACAACAAGGACGGCGGCTTCTGGACCGTGATCGACGGCAAGGTGTACGACATCAAGGACTTCCAGACCCAGAGCCTGACCGGCAACAGCATCCTGGCCCAGTTCGCCGGCGAGGACCCCGTGGTGGCCCTGGAAGCTGCTCTGCAGTTCGAGGACACCAGAGAGAGCATGCACGCCTTCTGCGTGGGCCAGTACCTGGAGCCCGACCAG,0.04713066281019516,0.6609600100786364,Not Significant
HES2,0.16279069767441862,0.011627906976744186,0.9883720930232558,0.1723897230403417,0.22093023255813954,0.8673439640160239,0.8178674142472527,0.14333109143104655,-0.7910549392077957,0.7626770971681345,Repressor,Silencer_tiles;ENSG00000069812;10,-1.830571690783008,-1.9508365479185457,0.4855252266971224,-2.519536111215297,-0.2865841860703966,0.5686995632967513,2.2329519251449,-0.7093757026798544,-0.7910549392077957,0.938152347533347,-2.285164510424972,2.440433252083653,1.4941095712171764,4.725597762508626,0.0,0.9583333333333334,Repressor,,,,inf,-inf,,-inf,-1.021838389939565,-0.8186160977845669,0.5140347663171584,-2.285164510424972,-0.2868669724082014,1.4665484126404051,1.998297538016771,False,True,Repressor,Repressor,,72.0,HES transcription factor,SilTile Repr,GTTGCTCGTTTGGCTCGTGTTTTGCCTGCTTGTCGTGTTTTGGAGCCTGCTGTTTCTGCTCGTTTGTTGGAGCATTTGTGGCGTCGTGCTGCTTCTGCTACTTTGGATGGTGGTCGTGCTGGTGATTCTTCTGGTCCTTCTGCTCCTGCTCCTGCTCCTGCTTCTGCTCCTGAGCCTGCTTCTGCTCCTGTTCCTTCTCCTCCTTCTCCTCCTTGTGGTCCTGGTTTGTGGCGTCCTTGG,0.4260222290770942,4.32080633462562e-05,Significant
HIVEP3,0.02040816326530612,0.0,1.0,0.17425459403547694,0.10204081632653061,0.8890581698470041,0.8255609219383876,0.2205073400995284,-1.6724548194142923,0.8762449587235753,Repressor,Silencer_tiles;ENSG00000127124;78,-1.9864347414784411,-1.943873837032098,1.0699116245461036,-3.597243534743054,-0.0967960954463152,1.653369697710956,3.500447439296739,-1.514581341497066,-1.6724548194142923,0.9846107574395104,-2.574401053078054,1.7890610999039045,0.9019462336637616,4.363462152981958,0.0,0.9411764705882352,Repressor,,,,inf,-inf,,-inf,-1.7210589940846266,-1.6793154524973608,0.5108914941377685,-2.574401053078054,-0.7672532655860291,0.8950856005806931,1.8071477874920248,False,True,Repressor,Repressor,,89.0,NF-kB inhibition,SilTile Repr,GGTTCTGGTTCTGAGTCTGGTAAGGAGCGTCGTACTACTTCTAAGGAGATTTCTGTTATTCAGCATACTTCTTCTTTTGAGAAGTCTGATTCTTTGGAGCAGCCTTCTGGTTTGGAGGGTGAGGATAAGCCTTTGGCTCAGTTTCCTTCTCCTCCTCCTGCTCCTCATGGTCGTTCTGCTCATTCTTTGCAGCCTAAGTTGGTTCGTCAGCCTAATATTCAGGTTCCTGAGATTTTGGTT,0.1195851635294795,0.4131121378502019,Not Significant
HSF2,0.0,0.0,1.0,0.15140288875124172,0.11842105263157894,0.9015051143571439,0.8485971112487581,0.17068553761966593,-2.1065850638294346,0.908302983054718,Repressor,Silencer_tiles;ENSG00000025156;13,-2.4905543813918247,-2.4879891663372904,0.83571845372619,-5.148482976986541,-1.1575917218912464,2.6604938106492506,3.990891255095295,-2.0416815925714085,-2.1065850638294346,1.2743707762022218,-3.774640868125873,2.1011190911450432,1.6680558042964386,5.875759959270916,0.0,0.9565217391304348,Repressor,,,,inf,-inf,,-inf,-2.2299907145585203,-2.1972546196553258,0.9202881171759878,-3.774640868125873,-1.0036974198421862,1.5773862484705474,2.770943448283687,False,True,Repressor,Repressor,,81.0,Heat shock response,SilTile Repr,TCTTCTGCTCAGAAGGTTCAGATTAAGCAGGAGACTATTGAGTCTCGTTTGTCTGAGTTGAAGTCTGAGAATGAGTCTTTGTGGAAGGAGGTTTCTGAGTTGCGTGCTAAGCATGCTCAGCAGCAGCAGGTTATTCGTAAGATTGTTCAGTTTATTGTTACTTTGGTTCAGAATAATCAGTTGGTTTCTTTGAAGCGTAAGCGTCCTTTGTTGTTGAATACTAATGGTGCTCAGAAGAAG,0.21282050143206177,0.0649235934595472,Not Significant
HXA13,0.3181818181818182,0.045454545454545456,0.9545454545454546,0.48075613821474317,0.6590909090909091,0.46965503042974044,0.43820958655880804,0.35960228188460336,0.2669245003836227,0.48275847928264526,Repressor,Short_nuclear_domain;HXA13_HUMAN;Homeodomain;308;56,-2.2995407124739127,-2.432624107325937,1.3197473603350232,-5.4014461416765815,-0.2084119161826546,2.9688220343506444,5.193034225493927,0.250956124963228,0.2669245003836227,1.0232858255112012,-2.0902195814973017,1.8013868090080805,2.3571440818809246,3.891606390505382,0.0,0.7058823529411765,Repressor,,,,inf,-inf,,-inf,-0.6997290814283054,-0.5491530168967768,0.6497195049234145,-2.0902195814973017,-0.1640781826575609,1.5410665646005248,1.926141398839741,False,True,Repressor,Repressor,,17.0,HOXA13; homeodomain,NucDom Repr,GTGGTGAGCCACCCCAGCGACGCCAGCAGCTACAGAAGAGGCAGAAAGAAGAGAGTGCCCTACACCAAGGTGCAGCTGAAGGAGCTGGAGAGAGAGTACGCCACCAACAAGTTCATCACCAAGGACAAGAGAAGAAGAATCAGCGCCACCACCAACCTGAGCGAGAGACAGGTGACCATCTGGTTCCAGAACAGAAGAGTGAAGGAGAAGAAGGTGATCAACAAGCTGAAGACCACCAGC,0.14261577266501688,0.35574426994670233,Not Significant
ID2,0.14084507042253522,0.028169014084507043,0.971830985915493,0.11977001260849142,0.09859154929577464,0.9089118454213745,0.8713456730750126,0.1288769425103505,-0.8844178601157817,0.7789134182967792,Repressor,Short_nuclear_domain;ID2_HUMAN;HLH;15;41,-2.3901777786646083,-2.6013715334783525,0.6170734453195293,-3.2371633414988303,-1.087746748856094,0.6357918080204779,2.149416592642736,-0.8853729893033013,-0.8844178601157817,1.3422032421251555,-3.276037095102,1.60306842183503,2.3916192349862184,4.87910551693703,0.0,0.9090909090909092,Repressor,,,,inf,-inf,,-inf,-1.4856180958113538,-1.5572179280429022,1.0190288848685671,-3.276037095102,-0.0590911731559742,1.718819167059098,3.2169459219460257,False,True,Repressor,Repressor,,13.0,Transcription factor -- HLH,NucDom Repr,AGCGACCACAGCCTGGGCATCAGCAGAAGCAAGACCCCCGTGGACGACCCCATGAGCCTGCTGTACAACATGAACGACTGCTACAGCAAGCTGAAGGAGCTGGTGCCCAGCATCCCCCAGAACAAGAAGGTGAGCAAGATGGAGATCCTGCAGCACGTGATCGACTACATCCTGGACCTGCAGATCGCCCTGGACAGCCACCCCACCATCGTGAGCCTGCACCACCAGAGACCCGGCCAG,0.14162615807119194,0.2387445742424182,Not Significant
IRF2BP1,0.06976744186046512,0.011627906976744186,0.9883720930232558,0.20191694945607647,0.2441860465116279,0.8727150152142256,0.7947704645013011,0.20617898428284037,-1.162358722589616,0.820611115283097,Repressor,Silencer_tiles;ENSG00000170604;0,-2.069287925147873,-2.048688983980844,0.3023574044647872,-2.560490209824972,-1.3697304270813568,0.5118012258441285,1.1907597827436154,-1.0956991530148013,-1.162358722589616,0.9219061483146452,-2.24625825413023,1.5410334635715168,1.083899531540614,3.787291717701746,0.0,0.9583333333333334,Repressor,,,,inf,-inf,,-inf,-1.3647323991356322,-1.3996460599432066,0.5714016160061197,-2.24625825413023,-0.3444648561610871,0.8466121941870233,1.9017933979691424,False,True,Repressor,Repressor,,86.0,Co-repressor with IRF2; HDAC-independent repressor,SilTile Repr,ATGGCTTCTGTTCAGGCTTCTCGTCGTCAGTGGTGTTATTTGTGTGATTTGCCTAAGATGCCTTGGGCTATGGTTTGGGATTTTTCTGAGGCTGTTTGTCGTGGTTGTGTTAATTTTGAGGGTGCTGATCGTATTGAGTTGTTGATTGATGCTGCTCGTCAGTTGAAGCGTTCTCATGTTTTGCCTGAGGGTCGTTCTCCTGGTCCTCCTGCTTTGAAGCATCCTGCTACTAAGGATTTG,0.28016861160032436,0.008982857906116533,Not Significant
JDP2,0.0,0.0,1.0,0.27503359528397603,0.34146341463414637,0.8417195577284213,0.7249664047160238,0.26956635570056753,-1.8217168796482184,0.8885655625284786,Repressor,Short_nuclear_domain;JDP2_HUMAN;bZIP_1;61;63,-2.0307528050025483,-2.1916934966941977,0.8585980636025402,-3.172425339175783,-0.673301793405578,0.9807318424815854,2.499123545770205,-1.5530689525036654,-1.8217168796482184,1.2219565316454704,-2.772168538917242,2.066222724309307,0.9504516592690238,4.8383912632265496,0.0,0.9285714285714286,Repressor,,,,inf,-inf,,-inf,-1.8314760045662015,-1.8662077242928108,0.6648560232523861,-2.772168538917242,-0.6769952303372062,0.9059608146244312,2.095173308580036,False,True,Repressor,Repressor,,10.0,Transcription factor - bZIP/Jun,NucDom Repr,CAGCCCGTGAAGAGCGAGCTGGACGAGGAGGAGGAGAGAAGAAAGAGAAGAAGAGAGAAGAACAAGGTGGCCGCCGCCAGATGCAGAAACAAGAAGAAGGAGAGAACCGAGTTCCTGCAGAGAGAGAGCGAGAGACTGGAGCTGATGAACGCCGAGCTGAAGACCCAGATCGAGGAGCTGAAGCAGGAGAGACAGCAGCTGATCCTGATGCTGAACAGACACAGACCCACCTGCATCGTG,0.2086216612484016,0.19054218574196657,Not Significant
KIBRA,0.5540540540540541,0.2702702702702703,0.7297297297297297,0.04835582453515064,0.2972972972972973,0.8366328437576568,0.7596846947581383,0.21219667441535336,1.09835638222899,0.19164876759187954,Dual,Short_nuclear_domain;KIBRA_HUMAN;WW;1;29,1.0447161770183309,1.3079512422618225,1.61577925393238,-3.169516262843679,3.879235091169555,4.477467505105501,7.048751354013234,0.9085174506457004,1.09835638222899,0.884902882516074,-0.4498896097423176,2.233090952408105,1.548245991971308,2.6829805621504232,0.782608695652174,0.4166666666666667,Activator,1.7109339346179122,1.620877552225393,0.9471274893965058,0.2554352810652476,3.879235091169555,1.3654422711601455,3.623799810104307,-0.2727395996850979,-0.2773026144002328,0.1608828114275981,-0.4498896097423176,-0.0855731126183748,0.1725869953420848,0.3643164971239428,True,True,Dual,Activator,,27.0,WWC1; Hippo signaling,NucDom Act,CCCAGACCCGAGCTGCCCCTGCCCGAGGGCTGGGAGGAGGCCAGAGACTTCGACGGCAAGGTGTACTACATCGACCACACCAACAGAACCACCAGCTGGATCGACCCCAGAGACAGATACACCAAGCCCCTGACCTTCGCCGACTGCATCAGCGACGAGCTGCCCCTGGGCTGGGAGGAGGCCTACGACCCCCAGGTGGGAGACTACTTCATCGACCACAACACCAAGACCACCCAGATC,0.4329898289712395,0.00011661628808048641,Significant
KMT2B,0.3194444444444444,0.06944444444444445,0.9305555555555556,0.34401003920927303,0.6388888888888888,0.6347130161388075,0.589376193867125,0.2738047704777636,0.0886098067975048,0.5423515309513431,Repressor,Short_nuclear_domain;KMT2B_HUMAN;zf-CXXC;941;47,-1.9531561344878376,-2.17299026995122,0.4609624355862565,-2.420480162093341,-1.1946007190968122,0.2474898921421209,1.2258794429965287,-0.0019904427398157,0.0886098067975048,1.1352827495856337,-2.3136231704457075,1.4499749394165558,2.4022329772432123,3.7635981098622633,0.0,0.65,Repressor,,,,inf,-inf,,-inf,-0.9254115930333198,-0.7681601208536787,0.7849016592144014,-2.3136231704457075,-0.1309858134764749,1.545463049592029,2.182637356969233,False,True,Repressor,Repressor,,16.0,MLL2; deposits H3K4me; has SET domain,NucDom Repr,GGCGGCACCCTGGCCCACACCCCCAGAAGAAGCCTGCCCAGCCACCACGGCAAGAAGATGAGAATGGCCAGATGCGGCCACTGCAGAGGCTGCCTGAGAGTGCAGGACTGCGGCAGCTGCGTGAACTGCCTGGACAAGCCCAAGTTCGGCGGCCCCAACACCAAGAAGCAGTGCTGCGTGTACAGAAAGTGCGACAAGATCGAGGCCAGAAAGATGGAGAGACTGGCCAAGAAGGGCAGA,0.4454464486571953,8.819330620015766e-05,Significant
KS6B2,0.6179775280898876,0.3258426966292135,0.6741573033707865,-0.0048844911056566106,0.2247191011235955,0.8781271847408325,0.7960586390849959,0.20451406475645834,1.2167787360395923,0.15680087403599696,Repressor,Short_nuclear_domain;KS6B2_HUMAN;Pkinase_C;329;40,-1.3579832823737863,-1.2778373810537136,0.4380528043552364,-2.667302841779626,-0.8218951305287977,1.3894654607259125,1.8454077112508285,1.1337873117052202,1.2167787360395923,0.7847974317034305,-0.2557770235835955,2.324192145984237,1.4725557596231882,2.579969169567833,0.0,0.3333333333333333,Activator,,,,inf,-inf,,-inf,-0.1404535052155721,-0.1233865966615254,0.0827750631523746,-0.2557770235835955,-0.0592638039556418,0.1323904269220701,0.1965132196279536,False,True,Repressor,Activator,,42.0,Ribosomal S6 kinase; phosphorylates eIF4B,NucDom Act,CACATGAACTGGGACGACCTGCTGGCCTGGAGAGTGGACCCCCCCTTCAGACCCTGCCTGCAGAGCGAGGAGGACGTGAGCCAGTTCGACACCAGATTCACCAGACAGACCCCCGTGGACAGCCCCGACGACACCGCCCTGAGCGAGAGCGCCAACCAGGCCTTCCTGGGCTTCACCTACGTGGCCCCCAGCGTGCTGGACAGCATCAAGGAGGGCTTCAGCTTCCAGCCCAAGCTGAGA,0.47337451360846383,2.799948565831439e-06,Significant
MPP8,0.0,0.0,1.0,0.10891121749124248,0.05084745762711865,0.9289756887776275,0.8910887825087577,0.15222399123676444,-2.699218052887931,0.9374981554808995,Repressor,Short_nuclear_domain;MPP8_HUMAN;Chromo;44;50,-2.639417236168416,-2.695604463101996,0.4481599659605988,-3.269959550639543,-1.850474022206828,0.5743550875375467,1.4194855284327148,-2.2518542611679497,-2.699218052887931,1.6816175983516306,-3.9469559985860383,2.8182103207861817,1.2477379456981073,6.76516631937222,0.0,0.9411764705882352,Repressor,,,,inf,-inf,,-inf,-2.5687332975400827,-2.822486174477923,1.0934121488598485,-3.9469559985860383,-0.6960345381788924,1.1244698241081157,3.250921460407146,False,True,Repressor,Repressor,,3.0,Binds H3K9me3; HUSH complex/SETDB1,NucDom Repr,GCCGAGGCCTTCGGCGACAGCGAGGAGGACGGCGAGGACGTGTTCGAGGTGGAGAAGATCCTGGACATGAAGACCGAGGGCGGCAAGGTGCTGTACAAGGTGAGATGGAAGGGCTACACCAGCGACGACGACACCTGGGAGCCCGAGATCCACCTGGAGGACTGCAAGGAGGTGCTGCTGGAGTTCAGAAAGAAGATCGCCGAGAACAAGGCCAAGGCCGTGAGAAAGGACATCCAGAGA,0.1174713819616672,0.3755732706762537,Not Significant
MYBA,0.28205128205128205,0.1282051282051282,0.8717948717948718,0.14750076656098443,0.3333333333333333,0.814295581214,0.7853531147120741,0.17454713186893098,0.1972384987977167,0.5065338778823643,Dual,Short_nuclear_domain;MYBA_HUMAN;LMSTEN;223;46,3.1207649546604745,3.3016961129513733,0.9214544081101068,0.1601159291153234,4.583201351945653,3.1415801838360498,4.423085422830329,0.1112281849867689,0.1972384987977167,0.6538713310634702,-0.9396627305567976,1.6110726157358024,1.1369012293545144,2.5507353462926,1.0,0.8333333333333334,Activator,3.1207649546604745,3.3016961129513733,0.9214544081101068,0.1601159291153234,4.583201351945653,3.1415801838360498,4.423085422830329,-0.5228376941500839,-0.5286365991262576,0.2898802458763784,-0.9396627305567976,-0.0443152102964753,0.41102613143054,0.8953475202603223,True,True,Dual,Activator,,24.0,Transcription factor; MYBL1,NucDom Act,TTCTACATCCCCGTGCAGATCCCCGGCTACCAGTACGTGAGCCCCGAGGGCAACTGCATCGAGCACGTGCAGCCCACCAGCGCCTTCATCCAGCAGCCCTTCATCGACGAGGACCCCGACAAGGAGAAGAAGATCAAGGAGCTGGAGATGCTGCTGATGAGCGCCGAGAACGAGGTGAGAAGAAAGAGAATCCCCAGCCAGCCCGGCAGCTTCAGCAGCTGGAGCGGCAGCTTCCTGATG,0.342194297960915,0.0021655837747702475,Not Significant
NCOA2,0.37349397590361444,0.12048192771084337,0.8795180722891566,0.15086551695719183,0.37349397590361444,0.8313205298081967,0.7529111732659308,0.1842486738733981,0.4176975641671179,0.4296209293804374,Dual,Short_nuclear_domain;NCOA2_HUMAN;Nuc_rec_co-act;1054;46,2.6368211706074662,2.6902866094206,0.6610443313758271,1.265622462352777,3.883789474817511,1.4246641470678232,2.618167012464734,0.4387045409288749,0.4176975641671179,0.5321725678792111,-0.5018344977565334,1.9383707826017955,0.9195320619236512,2.440205280358329,1.0,0.7916666666666666,Activator,2.6368211706074662,2.6902866094206,0.6610443313758271,1.265622462352777,3.883789474817511,1.4246641470678232,2.618167012464734,-0.2229713893419683,-0.2395260028711144,0.1956737407051498,-0.5018344977565334,-0.0353461437163502,0.2623084948854191,0.4664883540401832,True,True,Dual,Activator,,25.0,Coactivator,NucDom Act,CCCTTCGGCAGCAGCCCCGACGACCTGCTGTGCCCCCACCCCGCTGCTGAAAGCCCCAGCGACGAGGGCGCTCTGCTGGACCAGCTGTACCTGGCCCTGAGAAACTTCGACGGCCTGGAGGAGATCGACAGAGCCCTGGGCATCCCCGAGCTGGTGAGCCAGAGCCAGGCCGTGGACCCCGAGCAGTTCAGCAGCCAGGACAGCAACATCATGCTGGAGCAGAAGGCCCCCGTGTTCCCC,0.5751437851296132,1.2936844500244254e-08,Significant
NOTC2,0.5568181818181818,0.20454545454545456,0.7954545454545454,0.07444952719085339,0.36363636363636365,0.8252509905812846,0.7408252395515622,0.24438776310543647,1.0629888506424752,0.2026655283706743,Dual,Short_nuclear_domain;NOTC2_HUMAN;Notch;1440;34,0.0047967299817672,0.0649831054226829,1.0181822947590415,-1.5247602076463054,2.123513263592091,1.5897433130689884,3.648273471238397,0.8723628632841661,1.0629888506424752,0.8181968343514567,-1.069921290622974,2.2949015148569605,2.132910141265449,3.3648228054799345,0.5652173913043478,0.4166666666666667,Activator,0.7493700653545252,0.399083962558761,0.7566019993057104,0.0649831054226829,2.123513263592091,0.334100857136078,2.058530158169408,-0.6428332635522932,-0.6466123380389486,0.4289900485299875,-1.069921290622974,-0.2119661619949569,0.4233089525840254,0.8579551286280171,True,True,Dual,Activator,,34.0,Notch transcription factor; p65 coactivator,NucDom Act,GAGGCCTGCAACAGCCACGCCTGCCAGTGGGACGGCGGCGACTGCAGCCTGACCATGGAGAACCCCTGGGCCAACTGCAGCAGCCCCCTGCCCTGCTGGGACTACATCAACAACCAGTGCGACGAGCTGTGCAACACCGTGGAGTGCCTGTTCGACAACTTCGAGTGCCAGGGCAACAGCAAGACCTGCAAGTACGACAAGTACTGCGCCGACCACTTCAAGGACAACCACTGCGACCAG,0.46150811473587827,6.02203093384097e-06,Significant
PCGF2,0.1951219512195122,0.012195121951219513,0.9878048780487805,0.17204444801721328,0.18292682926829268,0.8869778790117294,0.8170104356243164,0.20575804180344867,-0.7694072778332963,0.7587381597817275,Repressor,Short_nuclear_domain;PCGF2_HUMAN;zf-C3HC4_2;1;39,-1.9890484388156089,-2.2019417251018005,0.7335494830205231,-3.3866731349868937,-0.6271634996913501,1.1847314098850932,2.759509635295544,-0.735508587349818,-0.7694072778332963,0.930371614919716,-2.373077382771121,2.1048718412655125,1.6036701049378246,4.477949224036633,0.0,0.9130434782608696,Repressor,,,,inf,-inf,,-inf,-1.0256889417524664,-0.8775997939594267,0.5007738184899296,-2.373077382771121,-0.3716142439212835,1.4954775888116942,2.0014631388498376,False,True,Repressor,Repressor,,18.0,Polycomb; RING finger motif,NucDom Repr,CACAGAACCACCAGAATCAAGATCACCGAGCTGAACCCCCACCTGATGTGCGCCCTGTGCGGCGGCTACTTCATCGACGCCACCACCATCGTGGAGTGCCTGCACAGCTTCTGCAAGACCTGCATCGTGAGATACCTGGAGACCAACAAGTACTGCCCCATGTGCGACGTGCAGGTGCACAAGACCAGACCCCTGCTGAGCATCAGAAGCGACAAGACCCTGCAGGACATCGTGTACAAG,0.3587195103461222,0.000935135656846418,Significant
REST hCG_1746842,0.047058823529411764,0.0,1.0,0.1517033166620025,0.11764705882352941,0.881751822783221,0.8474051920357072,0.15168991496789522,-1.5159392096008568,0.8615935196853652,Repressor,Silencer_tiles;ENSG00000084093;101,-1.925594108867296,-2.040068560705867,0.4411560340181319,-2.6438556726985207,-0.9689301817679152,0.6037871119926539,1.6749254909306055,-1.57318970733404,-1.5159392096008568,0.7017218199848535,-2.787698548932652,0.2404575987450323,1.2717593393317952,3.0281561476776844,0.0,1.0,Repressor,,,,inf,-inf,,-inf,-1.6595538647663768,-1.541704622893635,0.587142788986765,-2.787698548932652,-0.2233643964976711,1.245993926039017,2.5643341524349808,False,True,Repressor,Repressor,,78.0,"Repressive transcription factor; HDAC1/2, LSD1, G9a",SilTile Repr,ATTCATTCTCATGAGGGTTCTGATTTGTCTGATAATATGTCTGAGGGTTCTGATGATTCTGGTTTGCATGGTGCTCGTCCTGTTCCTCAGGAGTCTTCTCGTAAGAATGCTAAGGAGGCTTTGGCTGTTAAGGCTGCTAAGGGTGATTTTGTTTGTATTTTTTGTGATCGTTCTTTTCGTAAGGGTAAGGATTATTCTAAGCATTTGAATCGTCATTTGGTTAATGTTTATTATTTGGAG,0.26433164003517357,0.014501964091227811,Not Significant
SCMH1,0.06896551724137931,0.011494252873563218,0.9885057471264368,0.23162450525277226,0.26436781609195403,0.8877770357525793,0.7656439433707778,0.26738210267874685,-1.222744389690855,0.8284840202688256,Repressor,Short_nuclear_domain;SCMH1_HUMAN;SAM_1;580;65,-1.760709747115203,-1.6598486740999747,0.5635355020800971,-3.085768828120865,-0.8738654493591043,1.4259201540208903,2.211903378761761,-1.0084553898446742,-1.222744389690855,1.3010587604054762,-2.953680297900393,2.024803248408259,1.730935908209538,4.978483546308652,0.0,0.875,Repressor,,,,inf,-inf,,-inf,-1.479050443718343,-1.4797864722874554,0.7410023333995261,-2.953680297900393,-0.0794526451829614,1.4738938256129377,2.8742276527174315,False,True,Repressor,Repressor,,9.0,Polycomb,NucDom Repr,GACGCCAGCAGACTGAGCGGCAGAGACCCCAGCAGCTGGACCGTGGAGGACGTGATGCAGTTCGTGAGAGAGGCCGACCCCCAGCTGGGCCCCCACGCCGACCTGTTCAGAAAGCACGAGATCGACGGCAAGGCCCTGCTGCTGCTGAGAAGCGACATGATGATGAAGTACATGGGCCTGAAGCTGGGCCCCGCCCTGAAGCTGAGCTACCACATCGACAGACTGAAGCAGGGCAAGTTC,0.22869805950771221,0.03312010544882369,Not Significant
SCML2,0.13043478260869565,0.043478260869565216,0.9565217391304348,0.1673283475275422,0.2608695652173913,0.8852729500646387,0.8253504627942144,0.1609511344598935,-0.9036315275671132,0.7821075186584875,Repressor,Silencer_tiles;ENSG00000102098;62,-1.9596148892961496,-2.064864640532502,0.5965252161329818,-2.958310909614644,-0.8268776076875051,0.8934462690821414,2.1314333019271388,-0.6713404891381141,-0.9036315275671132,1.6629314745446566,-3.467965933830625,3.509664261481662,2.5643344062635114,6.977630195312287,0.0,0.9,Repressor,,,,inf,-inf,,-inf,-1.3857654186662427,-1.149567041639023,1.0642414120956956,-3.467965933830625,-0.195624902888553,2.3183988921916017,3.272341030942072,False,True,Repressor,Repressor,,90.0,Polycomb,SilTile Repr,AAGCAGGGTTTTTCTAAGGATCCTTCTACTTGGTCTGTTGATGAGGTTATTCAGTTTATGAAGCATACTGATCCTCAGATTTCTGGTCCTTTGGCTGATTTGTTTCGTCAGCATGAGATTGATGGTAAGGCTTTGTTTTTGTTGAAGTCTGATGTTATGATGAAGTATATGGGTTTGAAGTTGGGTCCTGCTTTGAAGTTGTGTTATTATATTGAGAAGTTGAAGGAGGGTAAGTATTCT,0.07862407096432704,0.5207664317017064,Not Significant
SERTAD2,0.3411764705882353,0.09411764705882353,0.9058823529411765,0.1727736941718848,0.38823529411764707,0.8270752394814029,0.7420440447877851,0.21746054655231617,0.3532086821854414,0.45259279563868415,Dual,Silencer_tiles;ENSG00000179833;22,2.932315587033915,2.9795899566834105,0.6470406912707032,1.810333022710379,3.8770610018894898,1.1692569339730314,2.0667279791791104,0.3294829550560961,0.3532086821854414,0.6751514217383985,-0.8880009329664031,2.031900503330009,1.2412096151518446,2.9199014362964126,1.0,0.8333333333333334,Repressor,2.932315587033915,2.9795899566834105,0.6470406912707032,1.810333022710379,3.8770610018894898,1.1692569339730314,2.0667279791791104,-0.4164904443886911,-0.4670396181748789,0.2909085665242502,-0.8880009329664031,-0.0922045117561935,0.4209613147915242,0.7957964212102097,True,True,Dual,Repressor,,76.0,Coregulator of PHD/bromodomains,SilTile Repr,TTGATGGATTCTTTGCCTGGTAATTTTGAGATTACTACTTCTACTGGTTTTTTGACTGATTTGACTTTGGATGATATTTTGTTTGCTGATATTGATACTTCTATGTATGATTTTGATCCTTGTACTTCTTCTTCTGGTACTGCTTCTAAGATGGCTCCTGTTTCTGCTGATGATTTGTTGAAGACTTTGGCTCCTTATTCTTCTCAGCCTGTTACTCCTTCTCAGCCTTTTAAGATGGAT,0.5415984560862606,8.67718020980794e-08,Significant
SMCA2,0.49382716049382713,0.12345679012345678,0.8765432098765432,0.16281872768125716,0.5679012345679012,0.7422514065190035,0.6602948734935917,0.2647694467085068,0.996898476719022,0.2239195601821351,Dual,Short_nuclear_domain;SMCA2_HUMAN;QLQ;150;34,-0.2933397826110736,-0.7748959363485284,1.5215581471892292,-2.435190419136116,3.0632250168564115,1.6602944827875876,5.498415435992527,0.7463554275403219,0.996898476719022,0.841758519194867,-0.71330997837423,2.4236682310881,1.710208455093252,3.13697820946233,0.391304347826087,0.4583333333333333,Activator,1.4557656239910113,1.3780643527263756,1.0098162819352463,0.1421866411872109,3.0632250168564115,1.2358777115391648,2.9210383756692004,-0.4036325832661257,-0.3640489151127011,0.2594726949706476,-0.71330997837423,-0.0654316654118452,0.3492610632615289,0.6478783129623849,True,True,Dual,Activator,,26.0,BAF complex,NucDom Act,AGCCAGCCCGGCGCCCTGATCCCCGGCGACCCCCAGGCTATGAGCCAACCTAACAGAGGCCCCAGCCCCTTCAGCCCCGTGCAGCTGCACCAGCTGAGAGCCCAGATCCTGGCCTACAAGATGCTGGCCAGAGGCCAGCCCCTGCCCGAGACCCTGCAGCTGGCCGTGCAAGGCAAGAGAACCCTGCCCGGCCTGCAGCAGCAGCAGCAGCAGCAGCAGCAGCAGCAGCAGCAGCAGCAG,0.6723668747421607,6.2702270872053334e-12,Significant
SSX2,0.2463768115942029,0.10144927536231885,0.8985507246376812,0.302308510025938,0.4782608695652174,0.758555438959922,0.6406638947223969,0.3060425662055823,0.0484477090526178,0.555169394134662,Repressor,Short_nuclear_domain;SSX2_HUMAN;SSXRD;108;31,-1.672147583297052,-1.484347131400067,0.8997105317282293,-3.7197437762448207,-0.251015335164352,2.2353966448447538,3.4687284410804686,-0.3718323099057318,0.0484477090526178,1.3376120168358367,-3.132066338005145,1.9844467681065312,3.180514047057762,5.116513106111676,0.0,0.8181818181818182,Repressor,,,,inf,-inf,,-inf,-1.4176956722155365,-1.5569936346852646,1.0379292739433166,-3.132066338005145,-0.0827705233027081,1.57507270331988,3.0492958147024365,False,True,Repressor,Repressor,,7.0,Transcription factor -- SSX,NucDom Repr,CCCAAGATCATGCCCAAGAAGCCCGCCGAGGAGGGCAACGACAGCGAGGAGGTGCCCGAGGCTAGCGGACCCCAGAACGACGGCAAGGAGCTGTGCCCCCCCGGCAAGCCCACCACCAGCGAGAAGATCCACGAGAGAAGCGGCCCCAAGAGAGGCGAGCACGCCTGGACCCACAGACTGAGAGAGAGAAAGCAGCTGGTGATCTACGAGGAGATCAGCGACCCCGAGGAGGACGACGAG,0.11587033557272071,0.3430753923953853,Not Significant
STAT2,0.6823529411764706,0.4235294117647059,0.5764705882352941,-0.004778892289602603,0.32941176470588235,0.8436324718230839,0.7703454396743713,0.21089786626027934,1.379402066403864,0.11471532399578377,Repressor,Short_nuclear_domain;STAT2_HUMAN;STAT2_C;770;55,-0.6629532197073206,-0.8392562757513198,1.1039351035263063,-2.1341676238316625,2.294910862535806,1.2949113480803427,4.429078486367469,1.1325407309725837,1.379402066403864,0.8841024414624447,-0.6188478411632176,2.891020943163591,1.9982499075670812,3.5098687843268084,0.217391304347826,0.25,Activator,0.9549917746270552,0.4573064168780464,0.9011964369684587,0.1819694902068702,2.294910862535806,0.2753369266711761,2.112941372328936,-0.400752503414152,-0.4357593445115766,0.2112712678304576,-0.6188478411632176,-0.1126434834702372,0.1830884966516409,0.5062043576929803,True,True,Dual,Activator,,45.0,STAT family activator; IFNa/IFNb signaling,NucDom Act,AGCCAGACCGTGCCCGAGCCCGACCAGGGCCCCGTGAGCCAGCCTGTTCCTGAGCCTGACCTGCCCTGCGACCTGAGACACCTGAACACCGAGCCCATGGAGATCTTCAGAAACTGCGTGAAGATCGAGGAGATCATGCCCAACGGCGACCCCCTGCTGGCCGGCCAGAACACCGTGGACGAGGTGTACGTGAGCAGACCCAGCCACTTCTACACCGACGGCCCCCTGATGCCCAGCGAC,0.45114915567025626,1.4690858804671204e-05,Significant
SUMO3,0.0,0.0,1.0,0.09688493532153916,0.037037037037037035,0.9249273237828264,0.903115064678461,0.10125483812633819,-2.608910923450536,0.9338664917127577,Repressor,Short_nuclear_domain;SUMO3_HUMAN;Rad60-SLD;12;70,-2.559897754736109,-2.672776116962102,0.4996990347956682,-3.213499765271503,-1.414589975027289,0.5407236483094011,1.7989097902442142,-2.594383344759676,-2.608910923450536,1.0579005051431745,-4.673954734678079,0.0734285520836836,2.0650438112275435,4.747383286761763,0.0,1.0,Repressor,,,,inf,-inf,,-inf,-2.710375166361561,-2.624948149641674,0.912386115768708,-4.673954734678079,-0.7042402404095838,2.049006585036405,3.969714494268496,False,True,Repressor,Repressor,,1.0,Sumoylation,NucDom Repr,GAGAACGACCACATCAACCTGAAGGTGGCCGGCCAGGACGGCAGCGTGGTGCAGTTCAAGATCAAGAGACACACCCCCCTGAGCAAGCTGATGAAGGCCTACTGCGAGAGACAGGGCCTGAGCATGAGACAGATCAGATTCAGATTCGACGGCCAGCCCATCAACGAGACCGACACCCCCGCCCAGCTGGAGATGGAGGACGAGGACACCATCGACGTGTTCCAGCAGCAGACCGGCGGC,0.13921948585897226,0.21514289790505842,Not Significant
TOX,0.08571428571428572,0.0,1.0,0.1754656280133996,0.2,0.9028717599626035,0.8201048530916837,0.19258697690292642,-1.1313505378765056,0.8164137947866561,Repressor,Short_nuclear_domain;TOX_HUMAN;HMG_box;255;68,-1.98521856448886,-1.910216305796543,0.5552474629698444,-3.142213656884143,-0.6590776597054255,1.2319973510876,2.483135997178717,-1.0390742815829022,-1.1313505378765056,1.3769794541077025,-3.655460869391263,2.5736810844163425,2.5241103315147573,6.229141953807606,0.0,0.8695652173913043,Repressor,,,,inf,-inf,,-inf,-1.4321585502252745,-1.167669762707543,0.9330272451579442,-3.655460869391263,-0.2111640488104366,2.48779110668372,3.4442968205808264,False,True,Repressor,Repressor,,6.0,Transcription factor -- HMG_box,NucDom Repr,AAGGACCCCAACGAGCCCCAGAAGCCCGTGAGCGCCTACGCCCTGTTCTTCAGAGACACCCAGGCCGCCATCAAGGGCCAGAACCCCAACGCCACCTTCGGCGAGGTGAGCAAGATCGTGGCCAGCATGTGGGACGGCCTGGGCGAGGAGCAGAAGCAGGTGTACAAGAAGAAGACCGAGGCCGCCAAGAAGGAGTACCTGAAGCAGCTGGCCGCCTACAGAGCCAGCCTGGTGAGCAAG,0.5276937630935191,2.6773671411026766e-06,Significant
YAF2,0.0,0.0,1.0,0.12130246251026881,0.06557377049180328,0.9201488816903267,0.8786975374897312,0.16080449730148805,-2.9961546164616606,0.9478442731886075,Repressor,Short_nuclear_domain;YAF2_HUMAN;YAF2_RYBP;78;32,-1.8680206315405563,-2.0509696082674607,0.9174636123922028,-2.977202707068701,0.8405928948517318,0.9262330988012404,3.817795601920433,-2.5092257169464616,-2.9961546164616606,1.2680193163886735,-4.032861362224192,0.0159857335322622,1.036706745762531,4.048847095756454,0.0769230769230769,1.0,Repressor,0.8405928948517318,0.8405928948517318,,0.8405928948517318,0.8405928948517318,0.0,0.0,-2.6670514326013817,-3.0480189079553317,1.1240027168939917,-4.032861362224192,-0.5330260030516042,0.9848424542688604,3.4998353591725877,False,True,Repressor,Repressor,,4.0,"Yy1, PcG; inhibits Myc, H3K9me3",NucDom Repr,AAGGACAAGGTGGAGAAGGAGAAGAGCGAGAAGGAGACCACCAGCAAGAAGAACAGCCACAAGAAGACCAGACCCAGACTGAAGAACGTGGACAGAAGCAGCGCCCAGCACCTGGAGGTGACCGTGGGCGACCTGACCGTGATCATCACCGACTTCAAGGAGAAGACCAAGAGCCCCCCCGCCAGCAGCGCCGCCAGCGCTGACCAACACAGCCAAAGCGGAAGCAGCAGCGACAACACC,-0.02004879420861959,0.878112790835041,Not Significant
ZIK1,0.0,0.0,1.0,0.09863851124502063,0.05747126436781609,0.9318217118913233,0.901361488754979,0.12621034498513095,-2.908213916146545,0.9450139838126789,Repressor,Human_KRAB_variant;M0QYP0;367,-2.1027692780878264,-2.1964876633080914,0.4419572884192629,-2.818248376174082,-1.247801255022468,0.6217607128659908,1.5704471211516142,-2.8475354701745865,-2.908213916146545,0.6502093324530528,-4.026562441701448,-1.2461390535035015,1.1183485255549028,2.7804233881979465,0.0,1.0,Repressor,,,,inf,-inf,,-inf,-2.8475354701745865,-2.908213916146545,0.6502093324530528,-4.026562441701448,-1.2461390535035015,1.1183485255549028,2.7804233881979465,False,True,Repressor,Repressor,,95.0,HP1 (KRAB),KRAB Repr,AGAGCCCCCACCCAGGTGACCGTGAGCCCCGAGACCCACATGGACCTGACCAAGGGCTGCGTGACCTTCGAGGACATCGCCATCTACTTCAGCCAGGACGAGTGGGGCCTGCTGGACGAGGCCCAGAGACTGCTGTACCTGGAGGTGATGCTGGAGAACTTCGCCCTGGTGGCCAGCCTGGGCTGCGGCCACGGCACCGAGGACGAAGAGACCCCTAGCGACCAGAACGTGAGCGTGGGC,0.05066759882162043,0.6411725901940349,Not Significant
ZN473,0.38372093023255816,0.13953488372093023,0.8604651162790697,0.12891750951343148,0.36046511627906974,0.8366017053345091,0.732266406441501,0.2363959186359311,0.7748465990353077,0.3003151810298925,Dual,Short_nuclear_domain;ZN473_HUMAN;KRAB;1;41,2.6712160926896846,2.695741806930722,0.6638240922782465,1.3779488034460674,3.9474320564194314,1.3177930034846548,2.569483252973363,0.5275695905893933,0.7748465990353077,0.6827125728083369,-1.298916020077137,1.9369486581510984,2.0737626191124447,3.235864678228236,1.0,0.5,Activator,2.6712160926896846,2.695741806930722,0.6638240922782465,1.3779488034460674,3.9474320564194314,1.3177930034846548,2.569483252973363,-0.3580052289884726,-0.099616849690235,0.5063666585616546,-1.298916020077137,-0.013453502795888,1.199299170386902,1.285462517281249,True,True,Dual,Activator,,22.0,Variant KRAB (strongest activator),NucDom Act,GCCGAGGAGTTCGTGACCCTGAAGGACGTGGGCATGGACTTCACCCTGGGCGACTGGGAGCAGCTGGGCCTGGAGCAGGGCGACACCTTCTGGGACACCGCCCTGGACAACTGCCAGGACCTGTTCCTGCTGGACCCCCCCAGACCCAACCTGACCAGCCACCCCGACGGCAGCGAGGACCTGGAGCCCCTGGCTGGAGGAAGCCCTGAGGCCACCAGCCCCGACGTGACCGAGACCAAG,0.587239863116412,2.7980800234400506e-09,Significant
ZN777,0.22727272727272727,0.09090909090909091,0.9090909090909091,0.1776082326784748,0.18181818181818182,0.8802044225718384,0.7931404105918567,0.22866563688927327,-0.3311167800927218,0.6634467860307867,Repressor,Short_nuclear_domain;ZN777_HUMAN;DUF3669;181;67,-1.485117199702377,-1.477079284829085,0.4418332043326342,-2.150756241358947,-0.6112590461548069,0.6736769565298619,1.53949719520414,-0.1047271991328047,-0.3311167800927218,0.8540521445929387,-1.260235390389061,2.303713194965288,0.9291186102963392,3.563948585354349,0.0,0.875,Repressor,,,,inf,-inf,,-inf,-0.654782918098894,-0.6555957127161153,0.3612186148973955,-1.260235390389061,-0.0262418983520401,0.6046396776729458,1.2339934920370208,False,True,Repressor,Repressor,,21.0,Zinc finger protein; transcription factor,NucDom Repr,GAGATCACCAGACTGGCCGTGTGGGCCGCCGTGCAGGCCGTGGAGAGAAAGCTGGAGGCCCAGGCCATGAGACTGCTGACCCTGGAGGGCAGAACCGGCACCAACGAGAAGAAGATCGCCGACTGCGAGAAGACCGCCGTGGAGTTCGCCAACCACCTGGAGAGCAAGTGGGTGGTGCTGGGCACCCTGCTGCAGGAGTACGGCCTGCTGCAGAGAAGACTGGAGAACATGGAGAACCTG,0.1971460999112181,0.06561209899899344,Not Significant
ZNF10,0.0,0.0,1.0,0.05885668667693409,0.0,0.9465747447906354,0.9411433133230661,0.030578677505138197,-3.120449320576521,0.9515469055455785,Repressor,Human_KRAB_variant;P21506;146,-2.413179299167188,-2.450984198492633,0.4020199429067997,-3.2396122068418896,-1.5670780153812591,0.7886280083492565,1.6725341914606304,-3.271125690334871,-3.120449320576521,0.6045582812333365,-4.399841448385486,-2.2991868381423077,1.2793921278089653,2.100654610243179,0.0,1.0,Repressor,,,,inf,-inf,,-inf,-3.271125690334871,-3.120449320576521,0.6045582812333365,-4.399841448385486,-2.2991868381423077,1.2793921278089653,2.100654610243179,False,True,Repressor,Repressor,,96.0,HP1 (KRAB),KRAB Repr,GACGCCAAGAGCCTGACCGCCTGGAGCAGAACCCTGGTGACCTTCAAGGACGTGTTCGTGGACTTCACCAGAGAGGAGTGGAAGCTGCTGGACACCGCCCAGCAGATCGTGTACAGAAACGTGATGCTGGAGAACTACAAGAACCTGGTGAGCCTGGGCTACCAGCTGACCAAGCCCGACGTGATCCTGAGACTGGAGAAGGGCGAGGAGCCCTGGCTGGTGGAGAGAGAGATCCACCAG,-0.017276676291650757,0.8806611255031086,Not Significant
ZNF791,0.0,0.0,1.0,0.07738620815116841,0.04,0.9450957008879544,0.9226137918488316,0.09594755412542587,-3.007482074892096,0.9481957451883749,Repressor,Human_KRAB_variant;Q3KP31;676,-2.605614213550688,-2.621597083692664,0.5778487094187551,-3.799185404507472,-1.5914818063410945,1.177588320814808,2.2077035981663773,-3.094451330690763,-3.007482074892096,0.8495405524495618,-4.49850274506809,-1.4654944755068242,1.4910206701759945,3.033008269561266,0.0,1.0,Repressor,,,,inf,-inf,,-inf,-3.094451330690763,-3.007482074892096,0.8495405524495618,-4.49850274506809,-1.4654944755068242,1.4910206701759945,3.033008269561266,False,True,Repressor,Repressor,,97.0,HP1 (KRAB),KRAB Repr,GTGGCGTTTGAAGATGTGAGCGTGAGCTTTAGCCAGGAAGAATGGGCGCTGCTGGCGCCGAGCCAGAAAAAACTGTATCGCGATGTGATGCAGGAAACCTTTAAAAACCTGGCGAGCATTGGCGAAAAATGGGAAGATCCGAACGTGGAAGATCAGCATAAAAACCAGGGCCGCAACCTGCGCAGCCATACCGGCGAACGCCTGTGCGAAGGCAAAGAAGGCAGCCAGTGCGCGGAAAAC,0.05638449876586931,0.6308824953988208,Not Significant
